subject_name,word,share,pred_share,pred_dshare,slope_3yr,spec_cum
Algebraic geometry,enumerative,0.0,0.003495424074024371,0.003495424074024371,-0.0015576323987538932,29.453352343610764
Algebraic geometry,derive_category,0.002840909090909091,0.0038411282521727905,0.0010002191612636993,-0.0009159940526762952,38.871317195564735
Algebraic geometry,modulus,0.005681818181818182,0.006524719024786515,0.000842900842968333,-0.0002743557065986965,32.439881077753114
Algebraic geometry,grassmannian,0.002840909090909091,0.0035803703848529857,0.0007394612939438948,-0.00013717785329934892,29.297101137543862
Algebraic geometry,chow,0.002840909090909091,0.0034382124018048866,0.0005973033108957956,-0.0024736264514301906,48.14490286936375
Algebraic topology,equivariant,0.005076142131979695,0.015936736391641074,0.01086059425966138,-0.014067094985670672,50.46505358249322
Algebraic topology,configuration,0.0,0.006640780895436334,0.006640780895436334,-0.003690036900369004,25.816679020744697
Algebraic topology,simplicial,0.0,0.005490479277059824,0.005490479277059824,-0.0018450184501845005,61.529751666108204
Algebraic topology,complement,0.0,0.003054157873142965,0.003054157873142965,-0.0018450184501845014,32.5397725157303
Algebraic topology,persistent,0.005076142131979695,0.0073441995722066215,0.002268057440226927,-0.004842002734748159,57.78733385457388
Associative rings and algebras,leavitt,0.0,0.006717634744772773,0.006717634744772773,-0.0042735042735042705,117.84342344771792
Associative rings and algebras,grade,0.007462686567164179,0.00974553896416732,0.002282852397003141,0.0015945911468299545,30.477735184339295
Associative rings and algebras,identity,0.007462686567164179,0.007843344226428978,0.00038065765926480015,-0.0005421609899221852,23.456984762104987
Associative rings and algebras,skew,0.007462686567164179,0.006827173853296776,-0.0006355127138674028,0.0015945911468299536,27.26955253335622
Associative rings and algebras,maximal,0.007462686567164179,0.006002651170442949,-0.0014600353967212298,-0.0005421609899221852,14.456148330935825
Astronomy and astrophysics,emission,0.0,0.009312304748723835,0.009312304748723835,-0.010714285714285716,32.904826646686196
Astronomy and astrophysics,accretion,0.0,0.004707575825383622,0.004707575825383622,4.562925904924314e-18,77.88000437588884
Astronomy and astrophysics,nearby,0.0,0.004007771546738671,0.004007771546738671,-0.0035714285714285696,48.07898229327833
Astronomy and astrophysics,magnetic_field,0.007042253521126761,0.008173554770357718,0.001131301249230958,-0.0036217303822937623,35.44256210458591
Astronomy and astrophysics,astrophysic,0.007042253521126761,0.004402897438496279,-0.0026393560826304826,-5.0301810865192894e-05,62.93975863847344
Biology and other natural sciences,mathematical_modeling,0.005555555555555556,0.009618890189602538,0.0040633346340469825,-0.0015954000647878195,14.862593530431608
Biology and other natural sciences,receptor,0.0,0.0016774196817369547,0.0016774196817369547,-0.0007288629737609326,20.944576248846708
Biology and other natural sciences,immune,0.002777777777777778,0.004200956146382577,0.0014231783686047986,-0.0007977000323939096,21.070445096496034
Biology and other natural sciences,tissue,0.002777777777777778,0.0035256954692205918,0.0007479176914428138,-0.0007977000323939102,17.44247989554929
Biology and other natural sciences,epidemic,0.004166666666666667,0.004367597591587359,0.00020093092492069268,0.0013544703595724013,10.008912543696658
Calculus of variations and optimal control,transport,0.013422818791946308,0.016201020896020105,0.0027782021040737973,0.0001754616835548526,11.324310520939735
Calculus of variations and optimal control,shape,0.006711409395973154,0.009166645691326053,0.002455236295352899,8.773084177742729e-05,11.98711054204012
Calculus of variations and optimal control,constraint,0.006711409395973154,0.00913271713865926,0.0024213077426861046,-0.006448216870640872,9.430303030303032
Calculus of variations and optimal control,minimal,0.006711409395973154,0.008143805087499616,0.0014323956915264623,-0.003180243014431724,8.705535924617196
Calculus of variations and optimal control,variational,0.026845637583892617,0.025978765555529523,-0.0008668720283630939,0.0003509233671097052,51.05191622103386
"Category theory, homological algebra",categorical,0.0,0.010085731138314903,0.010085731138314903,-0.006134969325153373,87.90048677951101
"Category theory, homological algebra",homological,0.0049261083743842365,0.01096804362391405,0.0060419352495298135,-0.006739399800537945,55.59705788804071
"Category theory, homological algebra",algebra,0.024630541871921183,0.026630419042861085,0.001999877170939903,-0.009157121702076219,10.222135260313921
"Category theory, homological algebra",homotopy,0.009852216748768473,0.010498073540145206,0.0006458567913767332,0.004926108374384237,36.25137316837764
"Category theory, homological algebra",abelian,0.0049261083743842365,0.0054593797525767,0.0005332713781924633,-0.0006044304753845671,42.93899885158414
Combinatorics,edge,0.0014534883720930232,0.006013745118399165,0.004560256746306141,-0.0035960223845586735,16.549318465929982
Combinatorics,extremal,0.010174418604651164,0.01226728143974741,0.0020928628350962465,-0.00283786274378393,23.766428488635132
Combinatorics,chromatic,0.0029069767441860465,0.0033042038777820752,0.00039722713359602877,0.0007330272769921586,36.542684288283226
Combinatorics,catalan,0.0014534883720930232,0.001535197900230571,8.170952813754762e-05,6.283090945646851e-06,30.24394527279255
Combinatorics,multipartite,0.0014534883720930232,0.0011479100413205657,-0.00030557833077245764,-0.0007141780041552179,36.724790688390954
Commutative rings and algebras,grade,0.0049261083743842365,0.012936419915580383,0.008010311541196148,-0.004854018983539587,30.80127304303242
Commutative rings and algebras,complete_intersection,0.0049261083743842365,0.004727012149240945,-0.00019909622514329106,-0.004854018983539591,66.35758132542699
Commutative rings and algebras,edge,0.009852216748768473,0.008399454935589695,-0.0014527618131787788,4.805959389643066e-05,13.335016342908775
Commutative rings and algebras,koszul,0.0049261083743842365,0.003023164680135114,-0.0019029436942491226,0.0024630541871921174,69.67546039169832
Commutative rings and algebras,monomial_ideal,0.009852216748768473,0.0075413267602334475,-0.0023108899885350255,0.004926108374384237,156.76978588132127
Computer science,security,0.005919003115264798,0.006369076939244294,0.00045007382397949656,-0.00046934977717044257,3.719593216626061
Computer science,internet_thing,0.0006230529595015577,0.0009056366111774074,0.00028258365167584977,-5.585044897809665e-05,3.884062713871357
Computer science,privacy,0.004049844236760125,0.004080166179290498,3.0321942530373366e-05,0.0006778733797075173,4.900146630580319
Computer science,deep_neural,0.001869158878504673,0.00173255972984444,-0.00013659914866023313,7.736660555162644e-05,4.697006072588618
Computer science,learn,0.00778816199376947,0.007376855176984298,-0.000411306816785173,0.0002203117095959764,2.9330691567340077
Convex and discrete geometry,graph,0.013157894736842105,0.025077706431474264,0.011919811694632161,-0.00453216374269006,4.600653980142299
Convex and discrete geometry,space,0.013157894736842105,0.018026703232559067,0.0048688084957169645,-0.010087719298245616,3.7927611705404733
Convex and discrete geometry,tiling,0.013157894736842105,0.01083067484493691,-0.0023272198919051935,0.006578947368421053,89.62893503014065
Convex and discrete geometry,lattice,0.02631578947368421,0.02164768202944466,-0.004668107444239549,0.002046783625730993,13.195777139429355
Convex and discrete geometry,valuation,0.013157894736842105,0.008272807574309381,-0.004885087162532724,0.0010233918128654935,42.22189501419849
Differential geometry,finsler,0.0038535645472061657,0.007149976392038699,0.003296411844832533,-0.0014458990080158038,56.62289766248575
Differential geometry,einstein,0.0019267822736030828,0.0027400402306791954,0.0008132579570761128,-0.0007229495040079019,31.44676630511605
Differential geometry,metric,0.019267822736030827,0.02000002426579224,0.0007322015297614124,-0.00048413247684124603,16.42174224117463
Differential geometry,geodesic,0.007707129094412331,0.007279752122580044,-0.0004273769718322871,0.00048088326558727953,24.485577367561405
Differential geometry,riemannian,0.009633911368015413,0.009001037294790676,-0.0006328740732247381,-0.001928406879230068,43.06435472845024
Dynamical systems and ergodic theory,chaotic,0.0019230769230769232,0.004385333267253247,0.0024622563441763236,-0.0044614550308693475,34.860183867231946
Dynamical systems and ergodic theory,homoclinic,0.0019230769230769232,0.004175950935801361,0.0022528740127244376,-0.00012306023694309828,54.60469911086294
Dynamical systems and ergodic theory,transcendental,0.0019230769230769232,0.0028086755731896802,0.000885598650112757,-0.002292257633906224,39.18392760270257
Dynamical systems and ergodic theory,escape,0.0038461538461538464,0.004532340059995334,0.0006861862138414879,0.0008384782245953627,49.15801826520868
Dynamical systems and ergodic theory,billiard,0.0038461538461538464,0.0033631223927347116,-0.000483031453419135,-0.0034999165693308863,43.84363791221315
Fluid mechanics,flow,0.04093567251461988,0.049257600259877014,0.008321927745257134,-0.008591992802519115,14.252966827176058
Fluid mechanics,buoyancy,0.0,0.0020652039739126843,0.0020652039739126843,-0.0008547008547008538,31.065522128769402
Fluid mechanics,premixed,0.001949317738791423,0.0025219622195238305,0.0005726444807324077,0.0009746588693957121,34.55416365125153
Fluid mechanics,cavitation,0.001949317738791423,0.0024980002629303843,0.0005486825241389613,0.00011995801469485745,32.30814301392017
Fluid mechanics,shear_flow,0.003898635477582846,0.0041669417897725785,0.00026830631218973235,0.00023991602938971276,35.49000558347292
Fourier analysis,fouri,0.0,0.011767009986538629,0.011767009986538629,-0.006711409395973152,57.12550740701907
Fourier analysis,singular_integral,0.0,0.01039882996488898,0.01039882996488898,-0.006711409395973152,154.54489950291764
Fourier analysis,variable,0.009259259259259259,0.015107132644382543,0.005847873385123283,-0.0054374844643301015,14.179275855495572
Fourier analysis,oscillatory,0.009259259259259259,0.007090927567544741,-0.0021683316917145185,0.004629629629629631,49.60700477871431
Fourier analysis,sharp,0.009259259259259259,0.006680465167329713,-0.0025787940919295466,0.0012739249316430503,46.39359556227937
Functional analysis,noncommutative,0.0028653295128939827,0.008606895898324089,0.005741566385430105,-0.004721181397399162,16.84145827785055
Functional analysis,nonexpansive,0.0,0.0033480591690869,0.0033480591690869,-0.003076923076923077,38.66338199513382
Functional analysis,groupoid,0.0,0.002525654295122235,0.002525654295122235,-0.0015384615384615382,11.97008730499499
Functional analysis,norm,0.0057306590257879654,0.005281857958659592,-0.000448801067128374,-0.0017500551024906346,9.453484612559295
Functional analysis,subfactor,0.0028653295128939827,0.0021912328530259515,-0.0006740966598680311,0.0014326647564469914,68.22949763847144
Functions of a complex variable,domain,0.0,0.015814812482656482,0.015814812482656482,-0.0034246575342465656,9.890004117275323
Functions of a complex variable,function,0.03676470588235294,0.043695235424793,0.0069305295424400585,-0.002165592264302977,15.158426924424107
Functions of a complex variable,univalent_function,0.0,0.006712383765621976,0.006712383765621976,-0.003424657534246574,230.38637796268281
Functions of a complex variable,multiply_connect,0.0,0.004610537521134609,0.004610537521134609,4.1819165901092305e-18,104.52312043675592
Functions of a complex variable,geometric,0.022058823529411766,0.02260746304535978,0.0005486395159480124,0.0007554391619661603,7.796859794741791
"Game theory, economics, social and behavioral sciences",economy,0.0037593984962406013,0.003974324046692225,0.0002149255504516238,0.0013403249223382086,7.204944865609925
"Game theory, economics, social and behavioral sciences",cooperative_game,0.0018796992481203006,0.002051296846319476,0.00017159759819917523,-0.0006782733532861286,6.730998326277445
"Game theory, economics, social and behavioral sciences",macro,0.0037593984962406013,0.0028484589307291542,-0.000910939565511447,0.0008009505965561149,4.957929867280873
"Game theory, economics, social and behavioral sciences",social,0.013157894736842105,0.012110354391260663,-0.0010475403455814424,0.00010645545903593747,4.332026577597249
"Game theory, economics, social and behavioral sciences",housing,0.005639097744360902,0.004286435599846527,-0.0013526621445143746,0.0017408002206162655,7.4692368523852934
General,nonlinear,0.0,0.007094372785399932,0.007094372785399932,-0.0029940119760479026,2.1566885471876924
General,detection,0.0,0.0033034971658366043,0.0033034971658366043,-0.0029940119760479035,2.2402463747275583
General,simulation,0.0,0.0024338908903187993,0.0024338908903187993,-0.0029940119760479052,2.3407569660081196
General,image,0.0,0.001654765672568529,0.001654765672568529,-0.0029940119760479052,2.734385506509734
General,technology,0.0,0.0013862432688347133,0.0013862432688347133,0.0,4.621658959369456
General topology,generalized,0.0,0.02357654599335104,0.02357654599335104,-0.0180722891566265,11.780853830317477
General topology,point,0.011627906976744186,0.022901307587738395,0.011273400610994211,-0.006234239282712245,8.888803070528349
General topology,product,0.0,0.010826497967230961,0.010826497967230961,2.944480377870034e-18,6.42033494272843
General topology,theorem,0.011627906976744186,0.0064600342483356185,-0.005167872728408567,0.005813953488372091,5.481906825195042
General topology,value,0.011627906976744186,0.0034126219344458256,-0.00821528504229836,0.005813953488372091,6.929263932091049
Geometry,complex,0.0,0.011050716926902735,0.011050716926902735,-0.0037037037037037,4.62713031925784
Geometry,classification,0.0,0.006634318980549739,0.006634318980549739,-0.014814814814814815,5.109123060847198
Geometry,length,0.0,0.005419357982015934,0.005419357982015934,-0.003703703703703701,35.49496021220159
Geometry,property,0.0,0.005039638779961739,0.005039638779961739,-0.011111111111111112,1.9198878582686678
Geometry,geometric,0.011904761904761904,0.008441106952650749,-0.003463654952111155,-0.012566137566137567,6.926313857624202
"Global analysis, analysis on manifolds",riemannian_manifold,0.0,0.020307459378291814,0.020307459378291814,-0.0108695652173913,75.99949516420449
"Global analysis, analysis on manifolds",invariant,0.0,0.01135513459556962,0.01135513459556962,5.036823724773586e-18,7.5735232655335745
"Global analysis, analysis on manifolds",singularity,0.0,0.006093147571201485,0.006093147571201485,2.8028171690184313e-18,17.742361085265546
"Global analysis, analysis on manifolds",geometric,0.00980392156862745,0.011785265818555298,0.0019813442499278474,0.004901960784313729,5.755877681805517
"Global analysis, analysis on manifolds",symplectic,0.00980392156862745,0.009289890302447926,-0.0005140312661795252,0.004901960784313726,26.22752145650297
Group theory and generalizations,monoid,0.0,0.0028499855455451084,0.0028499855455451084,-0.0024096385542168672,33.703992394717204
Group theory and generalizations,centre,0.0,0.002834002809167146,0.002834002809167146,-0.0012048192771084328,25.01050229290523
Group theory and generalizations,centralizer,0.0,0.0027235829414769424,0.0027235829414769424,1.1552260594470791e-18,29.764564712217794
Group theory and generalizations,p$-group,0.0,0.0021699501421226365,0.0021699501421226365,-0.0036144578313253004,51.9448893775724
Group theory and generalizations,sylow,0.0,0.0019192568716844508,0.0019192568716844508,0.0,54.16713063436694
"Information and communication, circuits",high_speed,0.0,0.0026584912314862198,0.0026584912314862198,-0.0018281535648994511,11.071605818290958
"Information and communication, circuits",code,0.013136288998357963,0.014193473211513217,0.0010571842131552529,-0.0025726233253182784,10.682575034552338
"Information and communication, circuits",indoor,0.0016420361247947454,0.0026667866496704893,0.001024750524875744,-0.0010071355025020787,10.31201539832505
"Information and communication, circuits",radar,0.003284072249589491,0.003955419635369087,0.000671347385779596,0.0016420361247947465,14.794585357188794
"Information and communication, circuits",multiple_access,0.0016420361247947454,0.0021504890504179222,0.0005084529256231768,-9.305872005235313e-05,22.298059270404163
Linear and multilinear algebra; matrix theory,generalize,0.006756756756756757,0.006298545170995129,-0.00045821158576162815,0.003378378378378382,8.653415701555872
Linear and multilinear algebra; matrix theory,property,0.006756756756756757,0.00490398803057664,-0.0018527687261801174,-0.005967416014144989,1.9593874460403025
Linear and multilinear algebra; matrix theory,preserver,0.013513513513513514,0.00873777360362087,-0.004775739909892646,0.0020838595604950757,184.36054605924667
Linear and multilinear algebra; matrix theory,eigenvalue,0.02027027027027027,0.015024791562333623,-0.005245478707936648,0.005462237938873451,31.977581440364904
Linear and multilinear algebra; matrix theory,computation,0.013513513513513514,0.007924842195689933,-0.005588671317823582,0.006756756756756759,5.265002149860729
Manifolds and cell complexes,floer_homology,0.006666666666666667,0.010071931170382006,0.0034052645037153397,-0.004796747967479674,95.01821687045093
Manifolds and cell complexes,suture,0.0033333333333333335,0.004855565524375326,0.0015222321910419924,-0.002398373983739837,144.16557042413245
Manifolds and cell complexes,cobordism,0.0033333333333333335,0.004599216231361221,0.001265882898027887,-0.0023983739837398397,52.423843790593615
Manifolds and cell complexes,concordance,0.006666666666666667,0.005877919004449488,-0.0007887476622171793,-0.0027642276422764223,104.39575789333729
Manifolds and cell complexes,surgery,0.01,0.009018174778754185,-0.000981825221245816,0.002967479674796749,72.08278521206623
Mathematical logic and foundations,simplicity,0.0,0.0021119963579344205,0.0021119963579344205,-0.0014925373134328352,36.244027050760096
Mathematical logic and foundations,negation,0.0,0.0015737838435895147,0.0015737838435895147,7.67053004750748e-19,36.244027050760096
Mathematical logic and foundations,ture,0.004081632653061225,0.004169998341045865,8.836568798463982e-05,0.0005482790130977768,31.631150880663352
Mathematical logic and foundations,definable,0.004081632653061225,0.004163155064009314,8.152241094808933e-05,0.0020408163265306124,51.25940968607498
Mathematical logic and foundations,determinacy,0.004081632653061225,0.003155871435973231,-0.000925761217087994,0.0005482790130977756,53.72644009877378
Mathematics education,secondary_mathematic,0.0035087719298245615,0.00706408264987894,0.0035553107200543784,0.00036162830474515187,46.71780748478141
Mathematics education,teaching,0.010526315789473684,0.01103328028368041,0.0005069644942067255,0.0010848849142354492,42.37769474075912
Mathematics education,pedagogy,0.0035087719298245615,0.0034115492429859407,-9.722268683862086e-05,-0.0010311293554219818,47.63384292565947
Mathematics education,instructor,0.0035087719298245615,0.0031867174398463125,-0.0003220544899782488,0.001754385964912282,42.34119371169731
Mathematics education,mathematician,0.0035087719298245615,0.002986313664383634,-0.0005224582654409275,0.0003616283047451493,43.303493568781334
Mechanics of deformable solids,thermomechanical,0.0,0.0021298096222951445,0.0021298096222951445,1.7966303452353383e-18,72.11304357691479
Mechanics of deformable solids,adhesive,0.0,0.001989962771190758,0.001989962771190758,-0.0016556291390728477,61.018729180466366
Mechanics of deformable solids,elasto,0.0044444444444444444,0.0028647785141300702,-0.0015796659303143744,0.002222222222222222,61.018729180466366
Mechanics of deformable solids,mechanic,0.022222222222222223,0.018439274222945484,-0.00378294799927674,-0.0004782928623988251,33.329557955716915
Mechanics of deformable solids,fatigue,0.008888888888888889,0.0049805485230585,-0.003908340365830389,0.004444444444444444,48.61814873411352
Mechanics of particles and systems,body,0.015384615384615385,0.01595269747269106,0.000568082088075678,0.007692307692307691,58.68142332108253
Mechanics of particles and systems,modeling,0.015384615384615385,0.009599049336347101,-0.005785566048268284,0.007692307692307691,4.530957356241776
Mechanics of particles and systems,disk,0.015384615384615385,0.0077728321973704224,-0.007611783187244963,0.007692307692307691,64.54562994404785
Mechanics of particles and systems,simulation,0.015384615384615385,0.005655908760044294,-0.009728706624571091,0.007692307692307691,5.08722263758823
Mechanics of particles and systems,dynamic,0.03076923076923077,0.017793354390237097,-0.012975876378993674,0.007187894073139977,7.0383374631820095
Nonassociative rings and algebras,quantum,0.0,0.009126955052543878,0.009126955052543878,-0.007936507936507929,7.2494847794221196
Nonassociative rings and algebras,algebraic,0.0,0.008188384860920161,0.008188384860920161,-0.007936507936507934,5.360901431258276
Nonassociative rings and algebras,category,0.0,0.008036461137607793,0.008036461137607793,3.459456044645314e-18,10.161886490807355
Nonassociative rings and algebras,group,0.008547008547008548,0.012822641317375365,0.004275632770366817,-0.0036630036630036574,3.6094132344397707
Nonassociative rings and algebras,leibniz,0.008547008547008548,0.008030644105797853,-0.0005163644412106947,0.004273504273504274,260.7326139088729
Number theory,diophantine_equation,0.0012953367875647669,0.003967676867571059,0.0026723400800062924,-0.0018554605173565402,40.57665605502149
Number theory,shimura_variety,0.0025906735751295338,0.004407914632299395,0.0018172410571698611,-0.003085138806928349,34.66384642951745
Number theory,quadratic_form,0.0025906735751295338,0.003871649402701481,0.0012809758275719476,0.0006695545597800369,30.804216469928317
Number theory,p$-adic,0.0038860103626943004,0.004831853176072915,0.0009458428133786138,-0.0018116881853612356,32.68305520497359
Number theory,galois_representation,0.006476683937823834,0.006728322320462838,0.000251638382639004,0.001360995285557725,43.531342027766094
Numerical analysis,discontinuous_galerkin,0.00631911532385466,0.009513635231090237,0.0031945199072355773,-0.0017384015217461373,21.301112641028016
Numerical analysis,finite_element,0.011848341232227487,0.013962083100881064,0.0021137418686535776,-0.002647257955314826,18.3985379870745
Numerical analysis,finite_difference,0.00315955766192733,0.0047102547755072605,0.0015506971135799306,-0.0025018538220975607,19.71255508813779
Numerical analysis,partial_differential,0.007898894154818325,0.009150668563224886,0.001251774408406561,0.0006841409549601823,7.788219309375869
Numerical analysis,hybridizable,0.0,0.0010721877477373833,0.0010721877477373833,-0.0004081632653061222,22.027286935608515
"Operations research, mathematical programming",logistic,0.0,0.0034560052556171623,0.0034560052556171623,-0.0028280542986425343,11.361826111826112
"Operations research, mathematical programming",proximal,0.0014577259475218659,0.0019611485564925138,0.0005034226089706477,-0.00040235874569608096,14.750440917107584
"Operations research, mathematical programming",station,0.0014577259475218659,0.0014525089504027016,-5.216997119164294e-06,0.0007288629737609329,12.739017155683822
"Operations research, mathematical programming",renewable,0.0029154518950437317,0.0025248867051522643,-0.0003905651898914672,0.0014577259475218656,10.700774410774411
"Operations research, mathematical programming",transportation,0.004373177842565598,0.0039040539991702363,-0.0004691238433953617,0.0004897563420972782,10.452880022880024
Operator theory,preserve,0.0,0.007423144093622236,0.007423144093622236,-0.007389162561576355,10.746834426448936
Operator theory,dilation,0.0,0.0045168767307539525,0.0045168767307539525,-0.0024630541871921174,64.06766677306096
Operator theory,product,0.005714285714285714,0.010055773661943495,0.004341487947657781,-0.0045320197044335,6.630526376359417
Operator theory,contractive,0.0,0.003620287491031811,0.003620287491031811,-0.0049261083743842365,80.97441217150761
Operator theory,neumann_algebras,0.0,0.0025148046875554347,0.0025148046875554347,-0.007389162561576356,35.593148207256085
"Optics, electromagnetic theory",investigation,0.0,0.008763247925165493,0.008763247925165493,6.694905966634973e-18,5.559320314303906
"Optics, electromagnetic theory",charge,0.0,0.004053484642655466,0.004053484642655466,3.3474529833174865e-18,13.437919572231474
"Optics, electromagnetic theory",radiation,0.010869565217391304,0.0109718124830767,0.00010224726568539577,-0.0007380568974771866,20.134407920935455
"Optics, electromagnetic theory",imaging,0.021739130434782608,0.018843529520563097,-0.002895600914219509,0.004696725711218465,18.744174993061335
"Optics, electromagnetic theory",scattering,0.010869565217391304,0.007145832201505335,-0.0037237330158859687,-0.0007380568974771902,15.78720621073348
Ordinary differential equations,mathematical,0.009478672985781991,0.016960625196555904,0.007481952210773911,-0.0098592036530944,3.287772516611099
Ordinary differential equations,fractional,0.014218009478672985,0.019759484012654743,0.005541474533981757,-0.011139170443145259,13.938320209973755
Ordinary differential equations,disease,0.014218009478672985,0.01396279155083116,-0.0002552179278418244,-0.003839900370152557,6.044600403210468
Ordinary differential equations,oscillation,0.004739336492890996,0.0043733290966049805,-0.00036600739628601475,0.0023696682464454982,23.709827938174392
Ordinary differential equations,vector_field,0.004739336492890996,0.004223477713574937,-0.0005158587793160591,0.0023696682464454982,14.481855132691747
Partial differential equations,dispersive,0.002586206896551724,0.0052920438979799055,0.0027058370014281814,-0.001026006013690742,19.435245851145293
Partial differential equations,posedness,0.004310344827586207,0.005801742614468785,0.0014913977868825786,-0.0006277589405668226,23.524113600740986
Partial differential equations,gevrey,0.0,0.0011395210195860328,0.0011395210195860328,-0.0004638218923933206,28.557426195494127
Partial differential equations,incompressible,0.002586206896551724,0.003217036235565931,0.0006308293390142065,-0.001953649798477385,7.090119607157162
Partial differential equations,maxwell,0.0017241379310344827,0.0022486034027912718,0.0005244654717567889,-6.55748192694005e-05,9.73548620300936
Probability theory and stochastic processes,percolation,0.004434589800443459,0.0056433837956014615,0.0012087939951580023,-0.001032095839014663,21.54868936712637
Probability theory and stochastic processes,branching_process,0.0011086474501108647,0.0018120516035309354,0.0007034041534200706,-0.0010703716445627646,23.022949426560373
Probability theory and stochastic processes,passage,0.0022172949002217295,0.00244102619924725,0.00022373129902552064,-0.000516047919507332,16.058626886925165
Probability theory and stochastic processes,spde,0.0011086474501108647,0.0011997986270078334,9.11511768969686e-05,0.0005543237250554326,25.07856991107469
Probability theory and stochastic processes,exclusion,0.0022172949002217295,0.0016065497862803,-0.0006107451139414293,0.0007024736077063155,12.659855003186742
Quantum Theory,quantum,0.0736196319018405,0.07810449013668663,0.0044848582348461325,-0.009023517382413086,27.055269468956972
Quantum Theory,hadron,0.0,0.0022906617676603284,0.0022906617676603284,7.088630090912615e-19,39.11807226219383
Quantum Theory,gauge,0.012269938650306749,0.014332509375725416,0.0020625707254186684,0.0005794137695978193,28.29284681839089
Quantum Theory,conformal,0.006134969325153374,0.0078654686810234,0.001730499355870025,0.001678595773687799,10.634039061567254
Quantum Theory,chromodynamic,0.0,0.001357806134417894,0.001357806134417894,7.088630090912615e-19,49.78663742461032
Relativity and gravitational theory,black_hole,0.018691588785046728,0.03358596330891208,0.01489437452386535,-0.0052740886484123044,92.89162267890777
Relativity and gravitational theory,cosmology,0.009345794392523364,0.021746875634827644,0.01240108124230428,-0.004099032628299717,67.7700592187239
Relativity and gravitational theory,rotate,0.0,0.005052353283997317,0.005052353283997317,3.6056626322456234e-18,17.46417188702055
Relativity and gravitational theory,collapse,0.0,0.004145263551436503,0.004145263551436503,3.6056626322456234e-18,39.19232340359937
Relativity and gravitational theory,thermodynamic,0.0,0.003702876754661913,0.003702876754661913,-0.002923976608187133,19.037032088025512
Several complex variables and analytic spaces,geometry,0.0,0.01254213514212916,0.01254213514212916,-0.019736842105263153,6.192018191753776
Several complex variables and analytic spaces,domain,0.02197802197802198,0.03222111555440204,0.010243093576380062,-0.015326778484673214,23.91615706341788
Several complex variables and analytic spaces,function,0.02197802197802198,0.030540352876251346,0.008562330898229366,-0.021905725853094273,7.053933180021825
Several complex variables and analytic spaces,boundary,0.0,0.006647729949219399,0.006647729949219399,2.2088274965722012e-18,9.429737063570844
Several complex variables and analytic spaces,manifold,0.01098901098901099,0.014101470914214456,0.0031124599252034665,-0.0010844418739155565,10.564156407981107
"Statistical mechanics, structure of matter",heavy,0.0,0.007067713406012394,0.007067713406012394,-0.01293103448275862,12.263764335437664
"Statistical mechanics, structure of matter",collision,0.0,0.0059884116386273506,0.0059884116386273506,-0.008620689655172412,22.152027862593705
"Statistical mechanics, structure of matter",transport,0.0196078431372549,0.014856380817159415,-0.004751462320095487,-0.003127112914131178,7.477681025502815
"Statistical mechanics, structure of matter",spin,0.0196078431372549,0.013061631813366906,-0.006546211323887995,0.001183231913455033,23.386055221192287
"Statistical mechanics, structure of matter",magnetic,0.0196078431372549,0.009832459293741665,-0.009775383843513237,0.00980392156862745,12.216596011070598
Statistics,causal_inference,0.0032666394446712946,0.0035589928544402,0.0002923534097689054,0.0003475004717845819,7.747990756918221
Statistics,change_point,0.002449979583503471,0.002475135734472,2.5156150968528858e-05,0.00030654746992954553,8.071301409988795
Statistics,time_series,0.007758268681094325,0.007496100246776244,-0.00026216843431808097,-0.0008967657329282243,6.58975157269312
Statistics,integrative,0.0016333197223356473,0.0013175836390374612,-0.0003157360832981862,0.0006329713968033857,4.800342455643138
Statistics,microbiome,0.0012249897917517355,0.0008376576718550157,-0.0003873321198967197,0.0006124948958758676,6.2703037817730936
Systems theory; control,robot,0.004987531172069825,0.010597406990320106,0.00560987581825028,-0.004805504486957786,9.563233685327186
Systems theory; control,guidance,0.0,0.0020083357313798174,0.0020083357313798174,9.96044679437802e-19,18.723323664667088
Systems theory; control,unmanned,0.0024937655860349127,0.003258499844903571,0.0007647342588686582,-0.0024027522434788935,23.429185762203737
Systems theory; control,aircraft,0.0024937655860349127,0.002311329643195934,-0.00018243594283897855,-0.0011862072313134442,12.390434778088514
Systems theory; control,observability,0.0024937655860349127,0.0021930203954394914,-0.0003007451905954211,0.0012468827930174557,22.81905071631301
"Topological groups, Lie groups",group,0.04411764705882353,0.08125327919582982,0.03713563213700629,-0.029077540106951887,18.16704570973603
"Topological groups, Lie groups",unitary,0.0,0.012543931445573636,0.012543931445573636,-0.01136363636363636,78.17917377734729
"Topological groups, Lie groups",representation,0.029411764705882353,0.041516403343504094,0.012104638637621744,-0.0023395721925133653,21.615216478694535
"Topological groups, Lie groups",subgroup,0.0,0.009401942641230097,0.009401942641230097,-0.01136363636363636,18.928707564026205
"Topological groups, Lie groups",character,0.0,0.006272367664273733,0.006272367664273733,1.9076276875552372e-18,25.70013423687147
